{"sensors": {"bme_gas_kohm": 8.801424, "aht_hum": 36.92484, "lux": 81.5616, "aht_temp": 24.737548, "bme_temp": 25.759404, "bme_hum": 30.050748, "bme_press": 997.0494}, "sensor_time": "2026-07-13 22:32:31"}