{"sensors": {"bme_gas_kohm": 8.742403, "aht_hum": 36.81135, "lux": 16.5888, "aht_temp": 24.332046, "bme_temp": 25.199482, "bme_hum": 28.939922, "bme_press": 996.2597}, "sensor_time": "2026-07-13 20:48:15"}