{"sensors": {"bme_gas_kohm": 4.246616, "aht_hum": 44.333744, "lux": 10.1376, "aht_temp": 25.37365, "bme_temp": 25.08624, "bme_hum": 36.678596, "bme_press": 996.5613}, "sensor_time": "2026-07-14 11:04:58"}